date,time,hive,,solar radiation(J/m2)(1min mean)(5minn),wind speed(m/s)(1min mean)(5minn),temperature(1min mean)(5minn),precipitation(mm)(1min mean)(5minn),outdoor temperature,indoor temperature (top),indoor temperature (mid),heat up,heating level,weather,opening,,note,number of outport,number of bees,average number of bee,number of import,number of bring pollen,remove,,weight of pollen (1hr),individual efficiency,remove16
2020/9/15,06:00,A,,2.15,0.27,25.17,0,28.35,27.6,,0, ,,,,,82,,,47,27,,,,,
2020/9/15,06:00,B,,2.35,0.35,25.23,0,27.6,30.1,,0, ,,,,,92,,,176,39,,,,,
2020/9/15,07:00,A,,6.7,0.5,26.3,0,29.1,28.1,,0, ,,,,,121,,,183,59,,,,,
2020/9/15,07:00,B,,6.63,0.43,26.32,0,28.6,30.6,,0, ,,,,,172,,,192,29,,,,,
2020/9/15,08:00,A,,11.55,0.38,28.13,0,31.1,29.35,,0, ,,,,,64,,,91,35,,,,,
2020/9/15,08:00,B,,8.28,0.4,28.23,0,29.6,31.1,,0, ,,,,,105,,,127,23,,,,,
2020/9/15,09:00,A,,32.68,0.58,29.48,0,31.1,30.35,,0, ,,,,,26,,,42,14,,,,,
2020/9/15,09:00,B,,36.13,0.47,30.15,0,30.35,31.6,,0, ,,,,,75,,,80,17,,,,,
2020/9/15,10:00,A,,47.05,0.63,32.28,0,32.85,32.6,,0, ,,,,,184,,,153,,,,,,
2020/9/15,10:00,B,,28.77,0.55,32.1,0,33.6,32.6,,0, ,,,,,,,,,,,,,,
2020/9/15,11:00,A,,49.57,0.67,33.27,0,34.1,33.1,,0, ,,,,,,,,,,,,,,
2020/9/15,11:00,B,,46.97,0.9,33.77,0,34.1,34.1,,0, ,,,,,77,,,91,47,,,,,
2020/9/15,12:00,A,,48.53,0.88,33.42,0,35.1,34.6,,0, ,,,,,,,,,,,,,,
2020/9/15,12:00,B,,45.67,1,33.33,0,34.6,35.1,,0, ,,,,,,,,,44,,,,,
2020/9/15,13:00,A,,19.25,1.33,33.28,0,34.85,35.1,,0, ,,,,,33,,,35,11,,,,,
2020/9/15,13:00,B,,36.95,1.42,32.3,0,34.6,35.1,,0, ,,,,,,,,,71,,,,,
2020/9/15,14:00,A,,46.15,1.1,32.4,0,34.6,35.1,,0, ,,,,,33,,,53,22,,,,,
2020/9/15,14:00,B,,20.83,1.43,32.28,0,34.1,35.1,,0, ,,,,,88,,,97,40,,,,,
2020/9/15,15:00,A,,15.73,0.97,31.42,0,34.1,34.6,,0, ,,,,,41,,,53,12,,,,,
2020/9/15,15:00,B,,26.6,0.83,31.67,0,33.6,35.1,,0, ,,,,,99,,,82,41,,,,,
2020/9/15,16:00,A,,4.72,1.1,30.28,0,33.6,34.6,,0, ,,,,,77,,,81,15,,,,,
2020/9/15,16:00,B,,6,1.05,30.02,0,33.1,34.6,,0, ,,,,,84,,,116,39,,,,,
2020/9/15,17:00,A,,3.12,0.83,29.3,0,32.1,33.6,,0, ,,,,,,,,,23,,,,,
2020/9/15,17:00,B,,2.93,0.97,29.3,0,32.1,34.1,,0, ,,,,,,,,,49,,,,,
2020/9/15,18:00,A,,0.17,0.5,28.9,0,31.1,33.1,,0, ,,,,,62,,,74,36,V,,,,V
2020/9/15,18:00,B,,0.05,0.57,28.83,0,31.1,33.1,,0, ,,,,,,,,,13,V,,,,V
2020/9/16,06:00,A,,0.68,0.17,25.3,0,27.1,28.6,,0, ,,,,,98,6723,0.0146,90,26,,,1.68465,0.017190306,
2020/9/16,06:00,B,,0.92,0.23,25.22,0,28.1,31.1,,0, ,,,,,167,7489,0.0223,139,53,,,1.302,0.007796407,
2020/9/16,07:00,A,,3.15,0.48,26.25,0,28.1,28.6,,0, ,,,,,128,6723,0.019,103,33,,,1.035,0.008085938,
2020/9/16,07:00,B,,3.97,0.55,26.43,0,28.6,31.1,,0, ,,,,,131,7489,0.0175,107,33,,,0.55905,0.004267557,
2020/9/16,08:00,A,,21.53,0.52,28.27,0,30.6,30.1,,0, ,,,,,308,6723,0.0458,276,49,,,2.1054,0.006835714,
2020/9/16,08:00,B,,23.2,0.53,28.85,0,29.6,31.6,,0, ,,,,,233,7489,0.0311,297,31,,,1.54305,0.006622532,
2020/9/16,09:00,A,,34.18,0.62,30.92,0,32.6,32.1,,0, ,,,,,146,6723,0.0217,248,33,,,0.5301,0.003630822,
2020/9/16,09:00,B,,35.73,0.77,31.08,0,31.35,32.6,,0, ,,,,,122,7489,0.0163,176,30,,,1.39515,0.011435656,
2020/9/16,10:00,A,,42.62,0.88,31.88,0,33.6,33.6,,0, ,,,,,148,6723,0.022,163,13,,,0.56874,0.003842838,
2020/9/16,10:00,B,,44.6,1,32.17,0,33.1,34.1,,0, ,,,,,117,7489,0.0156,193,29,,,1.50876,0.012895385,
2020/9/16,12:00,A,,51.77,1.08,33.83,0,35.1,35.1,,0, ,,,,,82,6723,0.0122,114,7,,,0.16116,0.001965366,
2020/9/16,12:00,B,,51.5,0.85,33.95,0,35.6,36.1,,0, ,,,,,157,7489,0.021,222,52,,,0.6462,0.004115924,
2020/9/16,14:00,A,,8.22,0.98,31.9,0,34.6,35.6,,0, ,,,,,29,6723,0.0043,33,6,,,0.1485,0.00512069,
2020/9/16,14:00,B,,8.63,0.85,31.23,0,34.6,36.1,,0, ,,,,,109,7489,0.0146,48,18,,,1.64244,0.015068257,
2020/9/16,16:00,A,,7.13,0.75,30.2,0,33.6,34.6,,0, ,,,,,58,6723,0.0086,66,29,,,0.34218,0.005899655,V
2020/9/16,16:00,B,,5.33,0.6,30.18,0,33.6,35.1,,0, ,,,,,173,7489,0.0231,,74,,,1.21032,0.006996069,V
2020/9/16,18:00,A,,0,0.65,29.35,0,31.6,33.6,,0, ,,,,,44,6723,0.0065,74,31,V,,,,V
2020/9/16,18:00,B,,0,0.52,29.22,0,32.1,34.6,,0, ,,,,,14,7489,0.0019,27,7,V,,,,V
2020/9/17,06:00,A,,0.62,0.15,25,0,26.6,29.1,,0, ,,,,,118,6723,0.0176,81,65,,,3.3996,0.028810169,
2020/9/17,06:00,B,,1,0.13,25,0,28.1,31.1,,0, ,,,,,278,7489,0.0371,231,113,,,2.45775,0.008840827,
2020/9/17,07:00,A,,3.32,0.23,26.1,0,28.1,29.1,,0, ,,,,,339,6723,0.0504,249,60,,,1.8657,0.00550354,
2020/9/17,07:00,B,,3.53,0.32,26.05,0,28.6,31.1,,0, ,,,,,316,7489,0.0422,337,88,,,1.8816,0.00595443,
2020/9/17,08:00,A,,20.48,0.55,28.55,0,30.6,30.1,,0, ,,,,,593,6723,0.0882,254,36,,,1.2456,0.002100506,
2020/9/17,08:00,B,,22.47,0.78,28.87,0,30.1,31.1,,0, ,,,,,580,7489,0.0774,410,100,,,2.91705,0.005029397,
2020/9/17,09:00,A,,30.5,0.45,30.9,0,32.6,32.6,,0, ,,,,,293,6723,0.0436,299,27,,,1.12395,0.003836007,
2020/9/17,09:00,B,,35.45,0.93,31.33,0,31.6,32.1,,0, ,,,,,240,7489,0.032,265,38,,,4.3989,0.01832875,
2020/9/17,10:00,A,,41.5,0.85,32.27,0,33.6,34.1,,0, ,,Inspection,,,99,6723,0.0147,193,21,,,0.75246,0.007600606,
2020/9/17,10:00,B,,43.45,0.88,32.93,0,33.1,33.1,,0, ,,Inspection,,,196,7489,0.0262,189,26,,,0.8805,0.004492347,
2020/9/17,12:00,A,,49.63,0.65,34.17,0,40.1,36.6,,0, ,,,,,111,6723,0.0165,108,7,,,0.15168,0.001366486,
2020/9/17,12:00,B,,49.72,0.85,34.48,0,36.1,35.1,,0, ,,,,,149,7489,0.0199,206,39,,,0.50574,0.003394228,
2020/9/17,14:00,A,,38.1,1.2,34.8,0,38.1,36.1,,0, ,,,,,12,6723,0.0018,26,6,,,0.0948,0.0079,
2020/9/17,14:00,B,,36.17,0.78,34.6,0,36.6,36.6,,0, ,,,,,51,7489,0.0068,48,10,,,0.6558,0.012858824,
2020/9/17,16:00,A,,19.43,0.75,33.98,0,36.6,36.1,,0, ,,,,,31,6723,0.0046,38,5,,,0.12078,0.003896129,V
2020/9/17,16:00,B,,17.8,0.87,33.7,0,36.1,36.6,,0, ,,,,,117,7489,0.0156,134,28,,,0.46806,0.004000513,V
2020/9/18,06:00,A,,0.55,0.18,25.9,0,28.1,29.6,,0, ,,,,,100,6535,0.0153,98,46,,,2.1174,0.021174,
2020/9/18,06:00,B,,0.9,0.25,25.8,0,28.6,30.1,,0, ,,,,,133,7332,0.0181,137,83,,,2.4804,0.018649624,
2020/9/18,07:00,A,,3.53,0.25,26.75,0,29.1,30.1,,0, ,,,,,432,6535,0.0661,185,35,,,0.80295,0.001858681,
2020/9/18,07:00,B,,4.72,0.45,26.93,0,31.35,31.1,,0, ,,,,,290,7332,0.0396,315,61,,,1.2849,0.00443069,
2020/9/18,08:00,A,,23.02,0.75,29.22,0,31.85,31.1,,0, ,,,,,207,6535,0.0317,283,23,,,0.71715,0.003464493,
2020/9/18,08:00,B,,24.15,0.55,29.63,0,31.1,31.6,,0, ,,,,,177,7332,0.0241,222,32,,,1.75665,0.009924576,
2020/9/18,09:00,A,,32.03,0.75,31.85,0,33.6,33.1,,0, ,,,,,246,6535,0.0376,232,18,,,0.5982,0.002431707,
2020/9/18,09:00,B,,33.88,0.47,32.08,0,32.6,32.6,,0, ,,,,,270,7332,0.0368,279,23,,,1.91295,0.007085,
2020/9/18,10:00,A,,41.9,0.98,33.73,0,34.1,34.1,,0, ,,,,,127,6535,0.0194,170,32,,,0.73518,0.005788819,
2020/9/18,10:00,B,,42.47,0.53,33.7,0,34.1,33.6,,0, ,,,,,294,7332,0.0401,244,30,,,1.17042,0.00398102,
2020/9/18,12:00,A,,44.82,1.72,33.73,0,35.1,35.1,,0, ,,,,,82,6535,0.0125,92,23,,,0.15288,0.00186439,
2020/9/18,12:00,B,,50.37,1.3,33.82,0,35.6,36.1,,0, ,,,,,79,7332,0.0108,165,23,,,0.49062,0.00621038,
2020/9/18,14:00,A,,5.27,0.68,32.2,0,34.6,35.1,,0, ,rainy,,,,35,6535,0.0054,52,3,,,0.09144,0.002612571,
2020/9/18,14:00,B,,5.05,0.82,32.05,0,34.6,35.6,,0, ,rainy,,,,22,7332,0.003,26,10,,,0.08238,0.003744545,
2020/9/18,16:00,A,,3.53,0.8,29.62,0,32.6,34.6,,0, ,,,,,14,6535,0.0021,25,0,,,0.06048,0.00432,V
2020/9/18,16:00,B,,4.28,0.9,29.63,0,32.6,34.6,,0, ,,,,,25,7332,0.0034,73,28,,,0.10626,0.0042504,V
2020/9/18,18:00,A,,0.03,0.83,28.95,0,31.1,33.1,,0, ,,,,,12,6535,0.0018,39,6,V,,,,V
2020/9/18,18:00,B,,0,0.73,28.87,0,31.6,34.1,,0, ,,,,,2,7332,0.0003,3,1,V,,,,V
2020/9/21,06:00,A,,0.35,0.32,25.3,0,27.6,29.1,,0, ,rainy,,,,75,5970,0.0126,63,11,,,0.40335,0.005378,
2020/9/21,06:00,B,,0.47,0.42,25.3,0,27.1,30.1,,0,,rainy,battery in,,,28,6862,0.0041,43,17,,,0.5019,0.017925,
2020/9/21,07:00,A,,5.15,0.35,25.65,0,28.1,29.6,,0, ,overcast,,,,5,5970,0.0008,3,1,,,0.29445,0.05889,
2020/9/21,07:00,B,,6.18,0.33,25.72,0,29.1,31.6,,0,,overcast,,,,22,6862,0.0032,12,2,,,0.49635,0.022561364,
2020/9/21,08:00,A,,6.78,0.67,27,0,29.1,30.1,,0, ,rainy,,,,240,5970,0.0402,183,18,,,1.66005,0.006916875,
2020/9/21,08:00,B,,3.68,0.55,26.93,0,29.6,31.6,,0,,rainy,,,,374,6862,0.0545,375,29,,,2.18205,0.005834358,
2020/9/21,09:00,A,,6.32,0.67,26.8,0,29.6,30.6,,0, ,rainy,,,,214,5970,0.0358,241,25,,,0.5505,0.00257243,
2020/9/21,09:00,B,,6.73,0.75,26.8,0,29.6,31.6,,0,,rainy,,,,413,6862,0.0602,329,22,,,2.2395,0.005422518,
2020/9/21,10:00,A,,9.75,0.63,27.25,0,29.6,30.35,,0, ,overcast,feeding,,,178,5970,0.0298,165,30,,,0.9912,0.005568539,
2020/9/21,10:00,B,,12.75,0.65,27.35,0,29.6,31.1,,1,mid,overcast,change battery,,,250,6862,0.0364,270,33,,,2.15922,0.00863688,
2020/9/21,12:00,A,,35.67,0.83,28.77,0,32.1,32.1,,0, ,,,,,64,5970,0.0107,,,,,1.47774,0.023089688,
2020/9/21,12:00,B,,16.9,1.18,28.9,0,32.6,33.6,,1,mid,,,,,239,6862,0.0348,173,33,,,3.23094,0.013518577,
2020/9/21,14:00,A,,42.37,1.32,29.28,0,32.1,33.1,,0, ,,,,,56,5970,0.0094,60,18,,,1.2459,0.022248214,
2020/9/21,14:00,B,,42.92,1.67,29.47,0,32.6,34.1,,1,mid,,,,,99,6862,0.0144,109,34,,,1.0452,0.010557576,
2020/9/21,16:00,A,,10.1,0.87,28.25,0,30.6,33.1,,1,mid,,battery in,,,0,5970,0,2,1,,,,,
2020/9/21,16:00,B,,10.58,1.1,28.17,0,31.35,34.1,,0,,,battery out,,,35,6862,0.0051,42,9,,,,,
2020/9/22,06:00,A,,0.6,0.25,22.93,0,27.1,28.6,,0,,,change battery,,,47,5781,0.0081,52,18,,,0.7665,0.016308511,
2020/9/22,06:00,B,,0.97,0.35,22.9,0,26.1,29.1,,0,,,,,,41,6706,0.0061,36,24,,,0.47205,0.011513415,
2020/9/22,07:00,A,,3.42,0.62,24.55,0,29.6,29.1,,0,,,,,,12,5781,0.0021,21,13,,,0.59565,0.0496375,
2020/9/22,07:00,B,,3.58,0.58,24.8,0,27.6,29.6,,0,,,,,,146,6706,0.0218,82,6,,,0.7608,0.005210959,
2020/9/22,08:00,A,,24.4,1.12,27.03,0,30.1,30.1,,0,,,,,,62,5781,0.0107,40,13,,,0.7848,0.012658065,
2020/9/22,08:00,B,,25.75,1.05,27.17,0,28.6,30.6,,0,,,,,,473,6706,0.0705,380,20,,,3.26115,0.006894609,
2020/9/22,09:00,A,,35.9,1.1,28.07,0,30.35,31.1,,0,,,,,,121,5781,0.0209,125,8,,,0.53535,0.00442438,
2020/9/22,09:00,B,,37.45,0.97,28.37,0,29.6,31.6,,0,,,,,,353,6706,0.0526,313,33,,,1.8804,0.005326912,
2020/9/22,10:00,A,,44.32,1.02,29.33,0,30.6,31.6,,1,high,,change battery,,,97,5781,0.0168,82,12,,,1.75776,0.018121237,
2020/9/22,10:00,B,,46.37,1.17,29.28,0,31.1,32.6,,0,,,feeding,,,156,6706,0.0233,205,18,,,1.0635,0.006817308,
2020/9/22,12:00,A,,51.67,1.52,29.98,0,43.1,34.1,,1,high,,,,,95,5781,0.0164,106,40,,,2.51376,0.026460632,
2020/9/22,12:00,B,,51.4,1.37,29.92,0,32.1,34.1,,0,,,,,,144,6706,0.0215,67,24,,,2.58714,0.01796625,
2020/9/22,14:00,A,,37.82,1.28,29.67,0,43.1,34.1,,1,high,,,,,21,5781,0.0036,33,16,,,0.37296,0.01776,
2020/9/22,14:00,B,,35.68,1.32,29.72,0,32.1,35.1,,0,,,,,,94,6706,0.014,159,45,,,1.15806,0.012319787,
2020/9/22,16:00,A,,15.18,1.57,28.17,0,43.1,34.1,,0,,,battery out,,,35,5781,0.0061,45,5,,,,,
2020/9/22,16:00,B,,13.88,1.37,27.68,0,31.1,34.6,,0,,,battery in,,,19,6706,0.0028,28,11,,,,,
2020/9/23,06:00,A,,0.6,0.38,22.75,0,25.6,27.6,,0,,,,,,69,5593,0.0123,99,22,,,0.4497,0.006517391,
2020/9/23,06:00,B,,0.92,0.62,22.82,0,26.1,28.85,,0,,,change battery,,,53,6549,0.0081,77,29,,,1.2432,0.023456604,
2020/9/23,07:00,A,,3.18,0.28,23.75,0,27.1,28.6,,0,,,,,,28,5593,0.005,20,2,,,0.28575,0.010205357,
2020/9/23,07:00,B,,3.43,0.58,23.92,0,27.6,29.6,,0,,,,,,52,6549,0.0079,30,3,,,0.8037,0.015455769,
2020/9/23,08:00,A,,23.32,0.9,26.63,0,29.6,30.1,,0,,,,,,29,5593,0.0052,36,8,,,0.4251,0.014658621,
2020/9/23,08:00,B,,24.35,0.58,26.93,0,28.1,30.6,,0,,,,,,275,6549,0.042,346,26,,,3.5841,0.013033091,
2020/9/23,09:00,A,,34.67,1.33,28.48,0,30.6,31.1,,0,,,,,,55,5593,0.0098,90,16,,,0.2754,0.005007273,
2020/9/23,09:00,B,,35.52,1.03,28.57,0,29.1,32.1,,0,,,,,,239,6549,0.0365,303,25,,,2.73615,0.011448326,
2020/9/23,10:00,A,,43.68,1.07,29.63,0,30.6,31.6,,0,,,Inspection,,,49,5593,0.0088,45,12,,,1.0881,0.022206122,
2020/9/23,10:00,B,,44.38,0.82,29.8,0,30.1,32.6,,0,,,Inspection,,,84,6549,0.0128,160,25,,,0.7437,0.008853571,
2020/9/23,12:00,A,,50.65,1.1,30.58,0,32.1,32.6,,0,,,,,,127,5593,0.0227,94,26,,,2.8746,0.022634646,
2020/9/23,12:00,B,,50.52,1.08,30.82,0,32.1,34.6,,0,,,,,,154,6549,0.0235,97,21,,,4.2033,0.027294156,
2020/9/23,14:00,A,,28.42,1.13,30.48,0,32.6,33.6,,0,,,,,,15,5593,0.0027,40,24,,,0.71046,0.047364,
2020/9/23,14:00,B,,36.2,1.1,30.5,0,32.6,34.6,,0,,,,,,155,6549,0.0237,156,37,,,1.48248,0.009564387,
2020/9/23,16:00,A,,8.63,1.4,28.72,0,31.6,33.1,,0,,,,,,34,5593,0.0061,30,8,,,,,
2020/9/23,16:00,B,,11.15,1.38,28.4,0,32.1,34.6,,0,,,,,,49,6549,0.0075,64,15,,,,,
2020/10/1,06:00,A,,0.3,0.43,20.78,0,22.1,29.1,,1,mid,sunny,battery,,,174,5275,0.033,146,23,,,3.13275,0.01800431,
2020/10/1,06:00,B,,0.37,0.38,21.02,0,23.6,27.6,,0,,sunny,,,,80,7265,0.011,25,9,,,0.31905,0.003988125,
2020/10/1,07:00,A,,4,0.75,22.9,0,23.6,29.85,,1,mid,sunny,,,,77,5275,0.0146,70,18,,,0.4902,0.006366234,
2020/10/1,07:00,B,,3.78,0.63,23.17,0,25.6,29.1,,0,,sunny,,,,239,7265,0.0329,313,25,,,0.705,0.002949791,
2020/10/1,08:00,A,,20.77,0.85,25.52,0,26.1,30.6,,1,mid,sunny,,,,37,5275,0.007,36,7,,,0.3315,0.008959459,
2020/10/1,08:00,B,,21.92,0.9,25.82,0,27.1,30.6,,0,,sunny,,,,177,7265,0.0244,173,18,,,0.41985,0.002372034,
2020/10/1,09:00,A,,19.32,1.1,26.02,0,26.6,31.1,,1,mid,sunny,,,,81,5275,0.0154,45,13,,,0.6504,0.00802963,
2020/10/1,09:00,B,,19.8,1.15,26.02,0,28.1,31.1,,0,,sunny,,,,29,7265,0.004,48,7,,,0.29415,0.010143103,
2020/10/1,10:00,A,,32.82,1.23,26.77,0,26.6,31.6,,1,mid,sunny,Inspection,,,85,5275,0.0161,55,13,,,0.61452,0.007229647,
2020/10/1,10:00,B,,25.1,1.07,26.87,0,28.1,31.1,,0,,sunny,Inspection,,,21,7265,0.0029,26,6,,,0.39846,0.018974286,
2020/10/1,12:00,A,,34.28,1.42,27.25,0,27.1,34.1,,1,mid,sunny,,,,71,5275,0.0135,65,13,,,1.04016,0.014650141,
2020/10/1,12:00,B,,50.57,1.35,27.67,0,27.1,31.6,,0,,sunny,,,,39,7265,0.0054,49,13,,,0.42306,0.010847692,
2020/10/1,14:00,A,,41.35,1.2,28.8,0,28.1,34.6,,1,mid,sunny,,,,81,5275,0.0154,148,15,,,0.83268,0.01028,
2020/10/1,14:00,B,,41.35,1.2,28.8,0,28.1,32.6,,0,,sunny,,,,208,7265,0.0286,217,15,,,0.5352,0.002573077,
2020/10/1,16:00,A,,7.85,1.13,27.03,0,28.1,34.6,,1,mid,sunny,,,,65,5275,0.0123,156,,,,,,
2020/10/1,16:00,B,,7.85,1.13,27.03,0,27.6,33.1,,0,,sunny,,,00:25~,263,7265,0.0362,245,,,,,,
2020/10/2,06:00,A,,0.12,0.37,23.1,0,24.1,29.1,,0,,sunny,,,,210,5235,0.0401,148,,,,2.16036,0.010287429,
2020/10/2,06:00,B,,0.12,0.37,23.1,0,24.1,29.1,,1,mid,sunny,battery,,,493,7354,0.067,174,,,,2.12304,0.004306369,
2020/10/2,07:00,A,,3.95,0.9,24.52,0,25.1,30.6,,0,,sunny,,,,64,5235,0.0122,130,,,,0.69852,0.010914375,
2020/10/2,07:00,B,,4.05,0.9,24.53,0,25.1,32.1,,1,mid,sunny,,,00:14~,187,7354,0.0254,273,,,,0.22752,0.001216684,
2020/10/2,08:00,A,,22.28,1.08,26.38,0,27.1,31.6,,0,,sunny,,,,78,5235,0.0149,72,,,,0.75108,0.009629231,
2020/10/2,08:00,B,,22.75,1.23,26.43,0,26.1,32.6,,1,mid,sunny,,,,30,7354,0.0041,60,,,,0.11124,0.003708,
2020/10/2,09:00,A,,33.4,0.97,27.98,0,28.6,32.1,,0,,sunny,,,,64,5235,0.0122,57,,,,0.64392,0.01006125,
2020/10/2,09:00,B,,33.55,0.88,28.05,0,27.1,33.6,,1,mid,sunny,,,,33,7354,0.0045,34,,,,0.13176,0.003992727,
2020/10/2,10:00,A,,43.15,1.1,29.3,0,29.6,32.6,,0,,sunny,,,,71,5235,0.0136,79,,,,0.63573,0.008953905,
2020/10/2,10:00,B,,43.28,1.1,29.33,0,28.6,34.1,,1,mid,sunny,,,,60,7354,0.0082,55,,,,0.18458,0.003076364,
2020/10/2,12:00,A,,50.3,1.73,30.28,0,29.6,32.1,,0,,sunny,,,,66,5235,0.0126,100,,,,0.28615,0.004335537,
2020/10/2,12:00,B,,50.27,1.8,30.15,0,29.6,34.6,,1,mid,sunny,,,,71,7354,0.0097,80,,,,0.14787,0.002082714,
2020/10/2,14:00,A,,39.42,1.12,30.18,0,29.6,33.6,,0,,sunny,,,,82,5235,0.0157,92,,,,0.32891,0.004011086,
2020/10/2,14:00,B,,39.08,1.03,30.22,0,30.1,36.1,,1,mid,sunny,,,,103,7354,0.014,129,,,,0.05727,0.000556046,
2020/10/2,16:00,A,,16.42,1.37,28.55,0,29.1,33.1,,0,,sunny,battery,,,58,5235,0.0111,62,,,,,,
2020/10/2,16:00,B,,16.42,1.37,28.55,0,29.6,36.1,,1,mid,sunny,battery,,,77,7354,0.0105,83,,,,,,
2020/10/3,06:00,A,,0.23,0.2,21.9,0,23.6,28.6,,1,mid,sunny,battery,,,387,5235,0.0739,333,62,,,6.93888,0.017929922,
2020/10/3,06:00,B,,0.45,0.2,21.98,0,24.1,30.1,,0,,sunny,,,,439,7354,0.0597,352,24,,,3.60804,0.00821877,
2020/10/3,07:00,A,,2.43,0.33,23.83,0,24.35,31.6,,1,mid,sunny,,,,171,5235,0.0327,186,28,,,2.21508,0.012953684,
2020/10/3,07:00,B,,2.57,0.33,23.95,0,25.1,31.1,,0,,sunny,,,,206,7354,0.028,403,4,,,0.17772,0.000862718,
2020/10/3,08:00,A,,23.98,0.83,28.2,0,28.1,32.6,,1,mid,sunny,,,,70,5235,0.0134,80,43,,,1.72008,0.024572571,
2020/10/3,08:00,B,,24.83,0.85,28.37,0,27.6,32.6,,0,,sunny,,,,45,7354,0.0061,96,8,,,0.19044,0.004232,
2020/10/3,09:00,A,,34.57,1.52,29.73,0,30.6,34.6,,1,mid,sunny,,,,20,5235,0.0038,32,18,,,0.85704,0.042852,
2020/10/3,09:00,B,,35.55,1.48,29.8,0,29.1,33.6,,0,,sunny,,,,58,7354,0.0079,61,13,,,0.22428,0.003866897,
2020/10/3,10:00,A,,43.95,1.07,31.02,0,32.1,35.1,,1,mid,sunny,,,,85,5235,0.0162,104,32,,,1.77109,0.020836364,
2020/10/3,10:00,B,,44.73,1.22,31.23,0,30.6,34.1,,0,,sunny,,,,131,7354,0.0178,89,10,,,0.33687,0.002571548,
2020/10/3,12:00,A,,50.75,1,32.35,0,32.1,36.1,,1,mid,sunny,,,,147,5235,0.0281,142,33,,,2.38615,0.016232282,
2020/10/3,12:00,B,,50.57,0.98,32.57,0,31.6,35.6,,0,,sunny,,,,109,7354,0.0148,96,15,,,0.20122,0.001846038,
2020/10/3,14:00,A,,40.63,1.4,31.95,0,31.6,36.1,,1,mid,sunny,,,,91,5235,0.0174,109,17,,,1.01722,0.011178222,
2020/10/3,14:00,B,,33.8,1.12,32.02,0,31.6,36.1,,0,,sunny,,,,152,7354,0.0207,138,9,,,0.21835,0.001436483,
2020/10/3,16:00,A,,17.18,1.17,30.53,0,30.6,35.1,,1,mid,sunny,battery,,,92,5235,0.0176,155,23,,,,,
2020/10/3,16:00,B,,15.2,1.32,30.28,0,31.1,36.1,,0,,sunny,battery,,,135,7354,0.0184,210,12,,,,,
2020/10/4,06:00,A,,0.25,0.25,23.4,0,24.1,29.1,,0,,sunny,,,,411,5235,0.0785,525,179,,,15.9072,0.03870365,
2020/10/4,06:00,B,,0.5,0.25,23.5,0,25.1,31.1,,1,mid,sunny,battery,,,414,7354,0.0563,430,29,,,6.28488,0.01518087,
2020/10/4,07:00,A,,3.55,0.33,25.05,0,25.6,30.1,,0,,sunny,,,,163,5235,0.0311,217,70,,,2.82444,0.017327853,
2020/10/4,07:00,B,,3.85,0.5,25.33,0,26.6,33.35,,1,mid,sunny,,,,308,7354,0.0419,392,16,,,0.31704,0.001029351,
2020/10/4,08:00,A,,22.8,0.88,27.72,0,28.6,32.1,,0,,sunny,,,,79,5235,0.0151,31,16,,,0.98652,0.012487595,
2020/10/4,08:00,B,,24.17,0.65,27.87,0,28.1,35.1,,1,mid,sunny,,,,176,7354,0.0239,180,8,,,0.2262,0.001285227,
2020/10/4,09:00,A,,33.1,0.58,30.05,0,30.6,33.6,,0,,sunny,,,,4,5235,0.0008,3,3,,,0.02844,0.00711,
2020/10/4,09:00,B,,34.5,0.75,29.93,0,29.1,35.6,,1,mid,sunny,,,,79,7354,0.0107,78,2,,,0.1974,0.002498734,
2020/10/4,10:00,A,,42.75,0.65,31.78,0,31.1,34.1,,0,,sunny,feeding,,,6,5235,0.0011,2,1,,,0.07516,0.012527273,
2020/10/4,10:00,B,,43.87,0.73,31.7,0,30.85,36.6,,1,mid,sunny,feeding,,,90,7354,0.0122,98,1,,,0.24676,0.002741818,
2020/10/4,12:00,A,,48.48,0.6,33.53,0,32.1,35.1,,0,,sunny,,,,19,5235,0.0036,29,10,,,0.55511,0.029216268,
2020/10/4,12:00,B,,48.35,0.72,33.72,0,32.6,37.6,,1,mid,sunny,,,,118,7354,0.016,192,8,,,0.23553,0.001995994,
2020/10/4,14:00,A,,37.12,0.95,33.57,0,33.1,35.6,,0,,sunny,,,,82,5235,0.0157,111,16,,,0.31407,0.003830155,
2020/10/4,14:00,B,,36.43,0.72,33.45,0,33.6,37.6,,1,mid,sunny,,,,124,7354,0.0169,177,6,,,0.07816,0.000630352,
2020/10/4,16:00,A,,13.2,1.5,30.63,0,31.6,35.6,,0,,sunny,,,,66,5235,0.0126,73,16,,,,,
2020/10/4,16:00,B,,11.35,1.42,30.28,0,31.6,36.6,,1,mid,sunny,battery,,,104,7354,0.0141,138,4,,,,,
2020/10/8,06:00,A,,0.15,0.48,21.23,0,23.6,27.1,33.6,1,high,overcast,battery,,,171,5235,0.0327,308,126,,,2.04468,0.011957193,
2020/10/8,06:00,B,,0.17,0.38,21.23,0,23.1,28.6,33.6,0,,overcast,,,,404,7354,0.0549,502,221,,,2.7408,0.006784158,
2020/10/8,07:00,A,,1.68,0.57,21.9,0,24.1,30.6,33.6,1,high,overcast,,,,45,5235,0.0086,56,14,,,0.48816,0.010848,
2020/10/8,07:00,B,,1.73,0.58,21.9,0,23.6,29.35,34.6,0,,overcast,,,,51,7354,0.0069,48,8,,,0.102,0.002,
2020/10/8,08:00,A,,4.67,0.63,22.4,0,24.6,31.6,33.6,1,high,overcast,,,,42,5235,0.008,53,15,,,0.85308,0.020311429,
2020/10/8,08:00,B,,4.75,0.6,22.4,0,24.1,30.1,34.6,0,,overcast,,,,21,7354,0.0029,24,1,,,0.01164,0.000554286,
2020/10/8,09:00,A,,6.23,0.5,23.62,0,26.1,32.1,33.6,1,high,overcast,,,,19,5235,0.0036,34,20,,,0.52068,0.027404211,
2020/10/8,09:00,B,,6.18,0.53,23.62,0,25.1,30.6,34.1,0,,overcast,,,,17,7354,0.0023,43,13,,,0.19584,0.01152,
2020/10/8,10:00,A,,20.1,0.8,25.33,0,27.1,33.6,33.6,1,high,overcast,battery,,,45,5235,0.0086,11,5,,,0.35695,0.007932121,
2020/10/8,10:00,B,,20.07,0.83,25.38,0,26.6,31.6,34.6,0,,overcast,,,,62,7354,0.0084,107,13,,,0.18431,0.002972727,
2020/10/8,12:00,A,,28.27,1.32,26.72,0,28.1,33.6,34.1,1,high,cloudy,,,,30,5235,0.0057,22,5,,,0.33262,0.011087273,
2020/10/8,12:00,B,,30.95,1.27,26.63,0,27.1,32.1,34.1,0,,cloudy,,,,43,7354,0.0058,35,7,,,0.20656,0.004803805,
2020/10/8,14:00,A,,12.42,0.9,26.08,0,27.1,34.1,34.1,1,high,cloudy,,,,7,5235,0.0013,61,32,,,0.2142,0.0306,
2020/10/8,14:00,B,,12.65,0.97,26.07,0,26.1,31.6,34.1,0,,cloudy,,,,57,7354,0.0078,68,13,,,0.20602,0.003614354,
2020/10/8,16:00,A,,4.42,1.02,26.1,0,27.1,34.1,35.1,1,high,cloudy,battery,,,102,5235,0.0195,66,17,,,,,
2020/10/8,16:00,B,,4.13,1.12,25.93,0,26.35,32.6,34.6,0,,cloudy,battery,,,62,7354,0.0084,63,11,,,,,
2020/10/15,06:00,A,,0.37,1.3,24.4,0,24.6,27.1,33.1,0,,cloudy,,,,362,5235,0.0691,428,196,,,3.03252,0.008377127,
2020/10/15,06:00,B,,0.17,1.37,24.37,0,24.6,27.1,29.6,1,high,cloudy,battery,,,375,7354,0.051,563,191,,,2.35548,0.00628128,
2020/10/15,07:00,A,,3.83,1.12,24.7,0,25.1,27.6,33.6,0,,cloudy,,,,105,5235,0.0201,71,36,,,0.62352,0.005938286,
2020/10/15,07:00,B,,3.83,1.12,24.7,0,25.1,30.1,31.6,1,high,cloudy,,,,50,7354,0.0068,116,26,,,0.43404,0.0086808,
2020/10/15,08:00,A,,18.7,1.73,26.33,0,26.6,28.6,34.1,0,,sunny,,,,23,5235,0.0044,17,10,,,0.36828,0.016012174,
2020/10/15,08:00,B,,18.7,1.73,26.33,0,26.6,33.1,34.6,1,high,sunny,,,,85,7354,0.0116,27,2,,,0.24636,0.002898353,
2020/10/15,09:00,A,,13.7,1.57,26.33,0,27.1,30.1,35.1,0,,rainy,,,,82,5235,0.0157,60,29,,,,,
2020/10/15,09:00,B,,13.8,1.63,26.37,0,26.6,33.1,35.6,1,high,rainy,,,,155,7354,0.0211,130,17,,,,,
2020/10/25,06:00,A,,0.07,0.63,22.02,0,,,,0,,overcast,,,,613,8443,0.0726,319,82,,,7.35024,0.011990604,
2020/10/25,06:00,B,,0.07,0.7,22,0,,,,1,high,overcast,battery,,,319,6573,0.0485,103,22,,,3.05484,0.009576301,
2020/10/25,07:00,A,,2.83,0.75,22.35,0,,,,0,,overcast,,,,446,8443,0.0528,434,148,,,4.72992,0.010605202,
2020/10/25,07:00,B,,2.83,0.75,22.35,0,,,,1,high,overcast,,,,417,6573,0.0634,272,99,,,2.5608,0.006141007,
2020/10/25,08:00,A,,3.87,0.98,22.7,0,,,,0,,cloudy,,,,239,8443,0.0283,330,104,,,1.11936,0.004683515,
2020/10/25,08:00,B,,3.83,1.02,22.7,0,,,,1,high,cloudy,,,,298,6573,0.0453,344,107,,,1.0674,0.003581879,
2020/10/25,09:00,A,,10.45,0.95,23,0,,,,0,,cloudy,,,,98,8443,0.0116,206,51,,,1.03284,0.010539184,
2020/10/25,09:00,B,,11.68,1.1,23.02,0,,,,1,high,cloudy,,,,239,6573,0.0364,331,72,,,0.69576,0.00291113,
2020/10/25,10:00,A,,39.68,1.13,25.42,0,,,,0,,cloudy,Inspection,,,252,8443,0.0298,371,82,,,1.42358,0.005649134,
2020/10/25,10:00,B,,39.4,0.97,25.43,0,,,,1,high,cloudy,Inspection,,,225,6573,0.0342,357,69,,,1.63642,0.00727297,
2020/10/25,12:00,A,,26.12,1.48,26.12,0,,,,0,,cloudy,,,,193,8443,0.0229,201,56,,,1.30735,0.006773811,
2020/10/25,12:00,B,,24.73,1.62,26.08,0,,,,1,high,cloudy,,,,183,6573,0.0278,207,55,,,0.4914,0.002685246,
2020/10/25,14:00,A,,34.82,1.18,26.5,0,,,,0,,cloudy,,,??,,8443,0,,,,,1.28509,,
2020/10/25,14:00,B,,34.82,1.18,26.5,0,,,,1,high,cloudy,,,,214,6573,0.0326,306,30,,,0.60038,0.002805523,
2020/10/25,16:00,A,,2.92,1.62,25.1,0,,,,0,,sunny,,,,188,8443,0.0223,343,61,,,,,
2020/10/25,16:00,B,,2.68,1.58,25.02,0,,,,1,high,sunny,,,,159,6573,0.0242,261,34,,,,,
2020/10/26,06:00,A,,0.1,0.72,22.7,0,,,,1,high,cloudy,,,,443,8287,0.0535,457,79,,,3.0312,0.006842438,
2020/10/26,06:00,B,,0.1,0.72,22.7,0,,,,0,,cloudy,,,,320,6625,0.0483,288,,,,4.14804,0.012962625,
2020/10/26,07:00,A,,3.68,0.85,23.13,0,,,,1,high,sunny,,,,297,8287,0.0358,303,,,,0.83844,0.00282303,
2020/10/26,07:00,B,,3.7,0.9,23.17,0,,,,0,,sunny,,,,213,6625,0.0322,310,,,,0.76524,0.003592676,
2020/10/26,08:00,A,,19.22,0.85,25.37,0,,,,1,high,sunny,,,,253,8287,0.0305,270,,,,0.71676,0.002833043,
2020/10/26,08:00,B,,19.38,0.83,25.42,0,,,,0,,sunny,,,,237,6625,0.0358,292,,,,0.45336,0.001912911,
2020/10/26,09:00,A,,23.25,1.15,26.95,0,,,,1,high,sunny,,,,188,8287,0.0227,231,,,,0.64248,0.003417447,
2020/10/26,09:00,B,,23.87,1.2,26.9,0,,,,0,,sunny,,,,192,6625,0.029,326,,,,0.38904,0.00202625,
2020/10/26,10:00,A,,38.13,1.75,27.25,0,,,,1,high,sunny,battery/feeding,,,150,8287,0.0181,193,,,,0.66404,0.004426909,
2020/10/26,10:00,B,,38.4,1.58,27.22,0,,,,0,,sunny,feeding,,,169,6625,0.0255,216,,,,0.414,0.002449704,
2020/10/26,12:00,A,,40.98,1.32,28.35,0,,,,1,high,sunny,,,,165,8287,0.0199,283,,,,0.41847,0.002536198,
2020/10/26,12:00,B,,41.78,1.38,28.38,0,,,,0,,sunny,,,,99,6625,0.0149,134,,,,0.21562,0.002177961,
2020/10/26,14:00,A,,34.45,1.77,27.8,0,,,,1,high,sunny,,,00:15~,64,8287,0.0077,287,,,,0.11291,0.001764205,
2020/10/26,14:00,B,,35.32,1.93,27.85,0,,,,0,,sunny,battery,,00:50~,46,6625,0.0069,145,,,,0.0468,0.001017391,
2020/10/26,16:00,A,,2.5,1.13,26.43,0,,,,1,high,sunny,,,,179,8287,0.0216,181,,,,,,
2020/10/26,16:00,B,,2.5,1.13,26.43,0,,,,0,,sunny,,,,433,6625,0.0654,,,,,,,
2020/10/27,06:00,A,,0.03,0.67,23.08,0,,,,0,,sunny,,,,506,8131,0.0622,462,,,,0.68628,0.001356285,
2020/10/27,06:00,B,,0.05,0.68,23.1,0,,,,1,high,sunny,battery,,,470,6677,0.0704,535,,,,0.49908,0.001061872,
2020/10/27,07:00,A,,2.23,0.97,23.77,0,,,,0,,sunny,,,,301,8131,0.037,332,,,,0.49488,0.00164412,
2020/10/27,07:00,B,,2.27,0.97,23.78,0,,,,1,high,sunny,,,,220,6677,0.033,270,,,,0.1314,0.000597273,
2020/10/27,08:00,A,,6.88,1.17,25.5,0,,,,0,,cloudy,,,,25,8131,0.0031,82,,,,0.2508,0.010032,
2020/10/27,08:00,B,,7.6,1.25,25.43,0,,,,1,high,cloudy,,,,90,6677,0.0135,99,,,,0.07308,0.000812,
2020/10/27,09:00,A,,6.32,1.05,25.22,0,,,,0,,cloudy,,,,33,8131,0.0041,22,,,,0.17352,0.005258182,
2020/10/27,09:00,B,,6.82,0.93,25.2,0,,,,1,high,cloudy,,,,73,6677,0.0109,79,,,,0.01008,0.000138082,
2020/10/27,10:00,A,,8.2,1.22,25.87,0,,,,0,,overcast,,,,61,8131,0.0075,76,,,,0.36796,0.006032191,
2020/10/27,10:00,B,,8.38,1.53,25.82,0,,,,1,high,overcast,,,,64,6677,0.0096,61,,,,0.05749,0.000898295,
2020/10/27,12:00,A,,37.37,1.58,27.75,0,,,,0,,cloudy,,,,184,8131,0.0226,221,,,,0.32995,0.001793182,
2020/10/27,12:00,B,,37.37,1.58,27.75,0,,,,1,high,cloudy,,,,118,6677,0.0177,130,,,,0.04511,0.00038228,
2020/10/27,14:00,A,,19.1,1.17,27.42,0,,,,0,,cloudy,,,,140,8131,0.0172,100,,,,0.2112,0.001508571,
2020/10/27,14:00,B,,15.28,1.3,27.33,0,,,,1,high,cloudy,,,,142,6677,0.0213,,,,,0.04964,0.000349552,
2020/10/27,16:00,A,,3.5,1.42,26,0,,,,0,,overcast,battery,,,190,8131,0.0234,145,,,,,,
2020/10/27,16:00,B,,3.35,1.28,26,0,,,,1,high,overcast,battery,,,185,6677,0.0277,147,,,,,,
2020/10/28,06:00,A,,0.08,0.63,24.3,0,,,,1,high,cloudy,battery,,,733,7976,0.0919,604,,,,1.03428,0.001411023,
2020/10/28,06:00,B,,0.08,0.63,24.3,0,,,,0,,cloudy,,,,562,6728,0.0835,535,,,,0.46392,0.00082548,
2020/10/28,07:00,A,,4.4,1.08,24.6,0,,,,1,high,sunny,,,,300,7976,0.0376,382,,,,0.72852,0.0024284,
2020/10/28,07:00,B,,4.58,1.1,24.63,0,,,,0,,sunny,,,,152,6728,0.0226,162,,,,0.18216,0.001198421,
2020/10/28,08:00,A,,19.17,0.82,26.48,0,,,,1,high,sunny,,,,174,7976,0.0218,221,,,,0.3042,0.001748276,
2020/10/28,08:00,B,,19.17,0.82,26.48,0,,,,0,,sunny,,,,35,6728,0.0052,86,,,,0.03324,0.000949714,
2020/10/28,09:00,A,,25.87,1.2,26.97,0,,,,1,high,sunny,,,,63,7976,0.0079,75,,,,0.26112,0.004144762,
2020/10/28,09:00,B,,24.18,1.13,26.98,0,,,,0,,sunny,,,,46,6728,0.0068,32,,,,0.00372,8.09E-05,
2020/10/28,10:00,A,,14.98,1.52,26.43,0,,,,1,high,cloudy,ibutton/battery,,,77,7976,0.0097,71,,,,0.40358,0.005241322,
2020/10/28,10:00,B,,14.98,1.52,26.43,0,,,,0,,cloudy,ibutton/feeding,,,23,6728,0.0034,47,,,,0.02449,0.001064822,
2020/10/28,12:00,A,,24.17,1.42,27.2,0,28.6,36.6,,1,high,cloudy,,,,109,7976,0.0137,105,,,,0.22991,0.002109258,
2020/10/28,12:00,B,,22.68,1.48,27.2,0,29.1,33.1,,0,,cloudy,,,00:20~,62,6728,0.0092,85,,,,0.06655,0.001073314,
2020/10/28,14:00,A,,12.48,1.07,27.02,0,28.6,36.1,,1,high,cloudy,,,,122,7976,0.0153,124,,,,0.08684,0.000711773,
2020/10/28,14:00,B,,12.38,1.15,27.03,0,28.6,34.1,,0,,cloudy,,,??,,6728,0,,,,,0.16445,,
2020/10/28,16:00,A,,3.67,0.92,25.6,0,26.6,35.6,,1,high,cloudy,battery,,,190,7976,0.0238,157,,,,,,
2020/10/28,16:00,B,,3.67,0.92,25.6,0,27.1,34.6,,0,,cloudy,battery,,,88,6728,0.0131,96,,,,,,
2020/10/29,06:00,A,,0.03,1.32,23.9,0,24.6,29.1,,0,,overcast,,,,,,,,,,,1.19268,,
2020/10/29,06:00,B,,0.05,1.33,23.9,0,24.6,29.1,,1,high,overcast,battery,,,,,,,,,,0.45084,,
2020/10/29,07:00,A,,1.7,1.03,23.82,0,25.1,30.1,,0,,overcast,,,,,,,,,,,0.69588,,
2020/10/29,07:00,B,,1.7,1.03,23.82,0,25.6,32.1,,1,high,overcast,,,,,,,,,,,0.1254,,
2020/10/29,08:00,A,,5.5,0.83,24.1,0,25.6,30.6,,0,,overcast,,,,,,,,,,,0.594,,
2020/10/29,08:00,B,,5.33,0.87,24.12,0,26.1,33.1,,1,high,overcast,,,,,,,,,,,0.07008,,
2020/10/29,09:00,A,,9.02,1.02,24.83,0,27.1,32.1,,0,,overcast,,,,,,,,,,,0.429,,
2020/10/29,09:00,B,,9.02,1.02,24.83,0,27.6,34.1,,1,high,overcast,,,,,,,,,,,0.03384,,
2020/10/29,10:00,A,,12.82,1.42,25.03,0,27.6,32.6,,0,,overcast,,,,,,,,,,,0.54889,,
2020/10/29,10:00,B,,13.12,1.45,25.02,0,28.1,35.1,,1,high,overcast,battery,,,,,,85,,,,0.01173,,
2020/10/29,12:00,A,,13.95,1.2,24.63,0,26.1,31.6,,0,,overcast,,,,,,,,,,,0.43707,,
2020/10/29,12:00,B,,13.48,1.27,24.67,0,26.6,33.6,,1,high,overcast,,,,,,,,,,,0.0306,,
2020/10/29,14:00,A,,12.93,1.53,25.25,0,27.1,32.1,,0,,overcast,,,,,,,,,,,0.13964,,
2020/10/29,14:00,B,,13.48,1.57,25.25,0,27.1,34.6,,1,high,overcast,,,,,,,,,,,0.06507,,
2020/10/29,16:00,A,,1.85,1.28,23.8,0,25.1,31.6,,0,,overcast,,,,,,,,,,,,,
2020/10/29,16:00,B,,1.85,1.28,23.8,0,25.6,34.1,,1,high,overcast,battery,,,,,,,,,,,,
2020/10/30,06:00,A,,0.1,0.65,22.4,0,23.1,27.6,,1,high,rainy,battery/ibutton,,,,,,,,,,1.873,,
2020/10/30,06:00,B,,0.08,0.7,22.4,0,23.1,27.1,,0,,rainy,ibutton,,,,,,,,,,0.922,,
2020/10/30,07:00,A,,0.35,0.37,22.28,0,23.1,34.6,34.6,1,high,overcast,,,,,,,,,,,1.33128,,
2020/10/30,07:00,B,,0.43,0.35,22.27,0,23.6,31.6,35.1,0,,overcast,,,,,,,,,,,0.336,,
2020/10/30,08:00,A,,3.37,0.73,22.73,0,24.1,36.1,35.1,1,high,overcast,,,,,,,,,,,0.57048,,
2020/10/30,08:00,B,,3.32,0.77,22.75,0,24.1,31.6,34.6,0,,overcast,,,,,,,,,,,0.08748,,
2020/10/30,09:00,A,,5.38,0.53,22.9,0,24.1,37.85,35.1,1,high,cloudy,,,,,,,,,,,0.25392,,
2020/10/30,09:00,B,,5.38,0.53,22.9,0,24.6,29.6,35.1,0,,cloudy,,,,,,,,,,,0.12972,,
2020/10/30,10:00,A,,38.82,1.33,25.42,0,26.1,38.1,35.6,1,high,cloudy,battery/Inspection,,,,,,,,,,0.13222,,
2020/10/30,10:00,B,,38.82,1.33,25.42,0,26.1,29.6,35.1,0,,cloudy,Inspection,,,,,,,,,,0.03676,,
2020/10/30,12:00,A,,6.9,0.97,22.82,0,24.1,31.6,35.6,1,high,overcast,,,,,,,,,,,0.49925,,
2020/10/30,12:00,B,,6.9,0.97,22.82,0,24.6,32.1,34.6,0,,overcast,,,,,,,,,,,0.11815,,
2020/10/30,14:00,A,,5.07,0.97,22.3,0,24.1,30.6,35.6,1,high,overcast,,,,,,,,,,,0.26515,,
2020/10/30,14:00,B,,5.08,0.95,22.3,0,23.6,30.6,34.1,0,,overcast,,,,,,,,,,,0.32984,,
2020/10/30,16:00,A,,2.22,0.67,22.5,0,23.6,31.1,35.35,1,high,overcast,battery,,,,,,,,,,,,
2020/10/30,16:00,B,,2.22,0.67,22.5,0,23.6,30.1,34.6,0,,overcast,battery,,,,,,,,,,,,
2020/10/31,06:00,A,,0.3,1,19.3,0,19.6,22.1,33.1,0,,sunny,,,,291,7843,0.0371,429,,,,1.35195,0.004645876,
2020/10/31,06:00,B,,0.3,1,19.3,0,19.6,25.1,33.1,1,high,sunny,battery,,,205,6992,0.0293,305,,,,1.36545,0.006660732,
2020/10/31,07:00,A,,2.6,0.9,19.9,0,20.1,23.1,34.1,0,,sunny,,,,132,7843,0.0168,202,,,,1.131,0.008568182,
2020/10/31,07:00,B,,2.65,0.97,19.9,0,20.6,28.6,34.1,1,high,sunny,,,,88,6992,0.0126,109,,,,0.7872,0.008945455,
2020/10/31,08:00,A,,23.28,1.18,22.15,0,21.6,24.1,34.6,0,,sunny,,,,49,7843,0.0062,64,,,,0.44952,0.009173878,
2020/10/31,08:00,B,,23.28,1.18,22.15,0,22.6,29.1,34.6,1,high,sunny,,,,74,6992,0.0106,113,,,,0.3528,0.004767568,
2020/10/31,09:00,A,,15.7,1.52,22.75,0,23.6,26.1,34.6,0,,cloudy,,,,43,7843,0.0055,58,,,,0.34872,0.008109767,
2020/10/31,09:00,B,,15.7,1.52,22.75,0,23.6,30.1,35.1,1,high,cloudy,,,,73,6992,0.0104,117,,,,0.21996,0.003013151,
2020/10/31,10:00,A,,36.07,1.45,24.9,0,25.6,28.1,35.1,0,,sunny,,,,54,7843,0.0069,97,,,,0.45813,0.008483838,
2020/10/31,10:00,B,,37.07,1.35,24.93,0,25.6,31.1,35.1,1,high,sunny,battery,,,111,6992,0.0159,108,,,,0.14842,0.001337101,
2020/10/31,12:00,A,,45.67,2.17,25.73,0,26.6,31.1,35.6,0,,sunny,,,,231,7843,0.0295,258,,,,0.18415,0.000797166,
2020/10/31,12:00,B,,45.98,2.18,25.7,0,26.6,32.6,35.6,1,high,sunny,,,,229,6992,0.0328,,,,,0.21633,0.000944661,
2020/10/31,14:00,A,,33.12,1.37,26.25,0,27.1,32.6,35.6,0,,sunny,,,??,,7843,0,,,,,0.23045,,
2020/10/31,14:00,B,,32.93,1.33,26.2,0,27.6,33.6,35.6,1,high,sunny,,,,122,6992,0.0174,,,,,0.07936,0.000650522,
2020/10/31,16:00,A,,3.03,1.23,24.9,0,25.35,32.1,35.6,0,,sunny,battery,,,87,7843,0.0111,81,,,,,,
2020/10/31,16:00,B,,2.98,1.18,24.85,0,26.1,32.1,35.1,1,high,sunny,battery,,,63,6992,0.009,79,,,,,,
2020/11/1,06:00,A,,0.32,0.77,22.68,0,22.6,25.6,34.6,1,high,sunny,,,,563,8022,0.0702,533,,,,4.09905,0.007280728,
2020/11/1,06:00,B,,0.32,0.77,22.68,0,22.6,25.6,32.6,0,,sunny,,,,439,7153,0.0614,476,,,,0.78525,0.001788724,
2020/11/1,07:00,A,,3.13,1,23.15,0,23.35,29.1,35.6,1,high,sunny,,,,189,8022,0.0236,297,,,,0.72012,0.003810159,
2020/11/1,07:00,B,,3.13,1,23.15,0,23.6,25.6,34.6,0,,sunny,,,,66,7153,0.0092,165,,,,0.09684,0.001467273,
2020/11/1,08:00,A,,17.72,1.4,24.72,0,24.6,31.6,35.6,1,high,sunny,,,,89,8022,0.0111,83,,,,0.26532,0.002981124,
2020/11/1,08:00,B,,17.95,1.4,24.73,0,25.1,26.1,34.1,0,,sunny,,,,72,7153,0.0101,95,,,,0.08208,0.00114,
2020/11/1,09:00,A,,5.68,1.1,25.07,0,26.1,33.35,36.1,1,high,overcast,,,,39,8022,0.0049,40,,,,0.1416,0.003630769,
2020/11/1,09:00,B,,5.4,1.23,25.05,0,26.1,27.1,34.6,0,,overcast,,,,30,7153,0.0042,56,,,,0.03804,0.001268,
2020/11/1,10:00,A,,23.47,1.55,26.02,0,26.6,34.1,36.1,1,high,cloudy,,,,97,8022,0.0121,58,,,,0.59504,0.006134396,
2020/11/1,10:00,B,,20.7,1.68,26,0,26.6,28.6,34.1,0,,cloudy,,,,107,7153,0.015,78,,,,0.09289,0.000868139,
2020/11/1,12:00,A,,43.78,1.43,28.25,0,29.6,35.6,36.6,1,high,sunny,,,,177,8022,0.0221,,,,,0.21333,0.001205239,
2020/11/1,12:00,B,,43.9,1.25,28.28,0,28.85,32.35,35.1,0,,sunny,,,,159,7153,0.0222,185,,,,0.17225,0.001083362,
2020/11/1,14:00,A,,17.43,1.92,27.88,0,29.1,36.1,36.6,1,high,cloudy,,,,133,8022,0.0166,,,,,0.11765,0.000884621,
2020/11/1,14:00,B,,17.3,1.85,27.8,0,28.6,33.6,35.6,0,,cloudy,,,???,,7153,0,,,,,0.03038,,
2020/11/1,16:00,A,,3.3,1.05,26.22,0,27.6,35.1,36.1,1,high,overcast,ibutton/battery,,,195,8022,0.0243,155,,,,,,
2020/11/1,16:00,B,,3.22,1.03,26.2,0,27.6,32.6,34.6,0,,overcast,ibutton,,,128,7153,0.0179,132,,,,,,
2020/11/4,06:00,A,,0,0.97,19.6,0,20.6,26.1,34.1,1,high,rainy,battery,,,938,8560,0.1096,,,,,3.1623,0.003371322,
2020/11/4,06:00,B,,0,1.02,19.6,0,20.6,24.6,32.1,0,,rainy,,,,752,7634,0.0985,,,,,0.75885,0.001009109,
2020/11/4,07:00,A,,1.87,0.87,20.03,0,21.1,29.6,34.6,1,high,overcast,,,,742,8560,0.0867,658,,,,2.79096,0.003761402,
2020/11/4,07:00,B,,1.9,0.73,20.05,0,21.1,27.6,32.6,0,,overcast,,,,626,7634,0.082,,,,,0.4476,0.000715016,
2020/11/4,08:00,A,,6.83,1.02,20.6,0,22.6,31.1,34.1,1,high,overcast,,,,390,8560,0.0456,313,,,,2.21832,0.005688,
2020/11/4,08:00,B,,7.13,0.98,20.6,0,22.1,29.1,33.6,0,,overcast,,,,395,7634,0.0517,,,,,0.38736,0.000980658,
2020/11/4,09:00,A,,27.78,0.93,21.95,0,23.6,32.1,34.1,1,high,cloudy,,,,311,8560,0.0363,283,,,,2.58516,0.008312412,
2020/11/4,09:00,B,,27.5,0.88,22.03,0,23.85,29.6,34.1,0,,cloudy,,,00:10~,260,7634,0.0341,,,,,0.25152,0.000967385,
2020/11/4,10:00,A,,13.55,1.35,22.8,0,24.1,32.1,33.6,1,high,rainy,battery,,,91,8560,0.0106,295,,,,1.07476,0.011810589,
2020/11/4,10:00,B,,12.02,1.55,22.68,0,24.1,29.1,33.1,0,,rainy,,,,168,7634,0.022,335,,,,0.11924,0.00070974,
2020/11/4,12:00,A,,34.55,1.85,23.72,0,25.1,33.1,34.1,1,high,cloudy,,,,449,8560,0.0525,372,,,,1.09058,0.002428913,
2020/11/4,12:00,B,,34.55,1.85,23.72,0,25.1,30.6,33.6,0,,cloudy,,,,377,7634,0.0494,,,,,0.1872,0.000496552,
2020/11/4,14:00,A,,15.9,1.38,23.18,0,25.1,33.6,35.1,1,high,cloudy,,,,208,8560,0.0243,,,,,0.36535,0.001756469,
2020/11/4,14:00,B,,16.22,1.42,23.2,0,25.1,31.1,33.6,0,,cloudy,,,,213,7634,0.0279,,,,,0.22342,0.001048912,
2020/11/4,16:00,A,,4.43,1.08,22.27,0,23.1,33.1,34.6,1,high,cloudy,,,,368,8560,0.043,308,,,,,,
2020/11/4,16:00,B,,4.43,1.08,22.27,0,23.1,30.1,33.1,0,,cloudy,,,,351,7634,0.046,397,,,,,,
2020/11/5,06:00,A,,0.18,0.78,21,0,22.1,26.1,34.1,0,,cloudy,,,,848,8739,0.097,,,,,5.31765,0.006270814,
2020/11/5,06:00,B,,0.18,0.78,21,0,21.6,26.6,33.6,1,high,cloudy,battery,,,704,7794,0.0903,,,,,1.42815,0.002028622,
2020/11/5,07:00,A,,3.37,0.83,21.32,0,22.1,27.6,34.1,0,,cloudy,,,,465,8739,0.0532,,,,,3.31944,0.007138581,
2020/11/5,07:00,B,,3.37,0.83,21.32,0,22.1,31.1,34.6,1,high,cloudy,,,,437,7794,0.0561,,,,,0.64848,0.001483936,
2020/11/5,08:00,A,,6.33,1.02,22.47,0,23.1,28.6,34.1,0,,cloudy,,,,314,8739,0.0359,306,,,,2.02968,0.006463949,
2020/11/5,08:00,B,,6.48,0.95,22.45,0,23.35,32.6,34.6,1,high,cloudy,,,,270,7794,0.0346,,,,,0.32568,0.001206222,
2020/11/5,09:00,A,,10.28,0.93,23.37,0,24.6,30.6,34.6,0,,overcast,,,,152,8739,0.0174,216,,,,1.39548,0.009180789,
2020/11/5,09:00,B,,10.82,0.93,23.38,0,24.6,33.6,34.6,1,high,overcast,,,00:03~,160,7794,0.0205,227,,,,0.19524,0.00122025,
2020/11/5,10:00,A,,8.92,1.2,23.6,0,25.1,31.1,34.1,0,,rainy,,,,130,8739,0.0149,199,,,,0.83749,0.006442238,
2020/11/5,10:00,B,,8.48,1.13,23.57,0,25.35,34.1,35.1,1,high,rainy,,,00:03~,98,7794,0.0126,160,,,,0.14362,0.001465492,
2020/11/5,12:00,A,,20.17,1.17,24.47,0,27.1,31.6,34.6,0,,overcast,,,,444,8739,0.0508,,,,,1.28602,0.002896437,
2020/11/5,12:00,B,,19.43,1.17,24.45,0,27.6,34.1,35.1,1,high,overcast,,,,295,7794,0.0379,,,,,0.16402,0.000555994,
2020/11/5,14:00,A,,4.75,1.02,23.3,0,25.1,32.1,34.6,0,,overcast,,,,194,8739,0.0222,142,,,,0.89607,0.004618932,
2020/11/5,14:00,B,,4.77,0.97,23.3,0,25.1,34.1,35.1,1,high,overcast,,,,328,7794,0.0421,,,,,0.14405,0.000439191,
2020/11/5,16:00,A,,1.37,0.53,23.2,0,24.6,31.1,34.6,0,,overcast,feeding(pollen)/battery,,,287,8739,0.0328,,,,,,,
2020/11/5,16:00,B,,1.37,0.53,23.2,0,24.6,34.1,34.1,1,high,overcast,feeding(pollen)/battery,,,463,7794,0.0594,,,,,,,
2020/11/6,06:00,A,,0.15,1.02,23.28,0,24.1,30.6,34.6,1,high,cloudy,battery,,,732,8918,0.0821,,,,,4.12245,0.005631762,
2020/11/6,06:00,B,,0.15,1.02,23.28,0,24.1,30.1,34.6,0,,cloudy,,,,484,7954,0.0608,,,,,1.00005,0.002066219,
2020/11/6,07:00,A,,2.37,0.85,23.78,0,24.6,33.6,35.6,1,high,cloudy,,,,640,8918,0.0718,,,,,2.40684,0.003760688,
2020/11/6,07:00,B,,2.37,0.85,23.78,0,24.6,31.1,35.6,0,,cloudy,,,,557,7954,0.07,,,,,0.71784,0.001288761,
2020/11/6,08:00,A,,10.4,1.05,25.37,0,26.6,34.6,36.1,1,high,cloudy,,,,366,8918,0.041,,,,,2.30016,0.00628459,
2020/11/6,08:00,B,,10.4,1.05,25.37,0,26.1,31.6,35.6,0,,cloudy,,,,393,7954,0.0494,,,,,0.5178,0.001317557,
2020/11/6,09:00,A,,28.38,1.23,28.08,0,28.1,35.6,36.1,1,high,sunny,,,,354,8918,0.0397,,,,,3.12612,0.008830847,
2020/11/6,09:00,B,,28.78,1.23,28.13,0,28.1,33.6,35.6,0,,sunny,,,,438,7954,0.0551,,,,,2.07456,0.004736438,
2020/11/6,10:00,A,,27.75,1.12,29.55,0,30.1,37.1,37.1,1,high,cloudy,battery,,,219,8918,0.0246,,,,,0.91298,0.004168867,
2020/11/6,10:00,B,,27.55,1.12,29.52,0,30.6,34.1,36.1,0,,cloudy,,,,374,7954,0.047,,,,,0.89384,0.002389937,
2020/11/6,12:00,A,,19.7,0.97,27.85,0,29.1,37.1,36.6,1,high,cloudy,,,,214,8918,0.024,,,,,0.18595,0.000868904,
2020/11/6,12:00,B,,19.7,0.97,27.85,0,29.6,34.6,35.6,0,,cloudy,,,,183,7954,0.023,,,,,0.11465,0.000626528,
2020/11/6,14:00,A,,25.67,1.4,29.43,0,30.6,37.1,36.6,1,high,sunny,,,,214,8918,0.024,,,,,0.91991,0.004298641,
2020/11/6,14:00,B,,25.13,1.55,29.45,0,30.6,35.1,36.1,0,,sunny,,,,347,7954,0.0436,,,,,0.3864,0.001113545,
2020/11/6,16:00,A,,6.55,0.97,28.53,0,29.6,37.35,36.1,1,high,cloudy,battery,,00:05,299,8918,0.0335,,,,,,,
2020/11/6,16:00,B,,6.55,0.97,28.53,0,29.6,34.35,35.6,0,,cloudy,battery,,,338,7954,0.0425,,,,,,,
2020/11/7,06:00,A,,0.5,0.47,26.3,0,26.6,32.6,35.1,0,,cloudy,,,,951,9098,0.1045,,,,,8.9061,0.009364984,
2020/11/7,06:00,B,,,,,0,26.1,32.1,35.1,1,high,cloudy,battery,,,,8114,0,,,,,3.69465,,
2020/11/7,07:00,A,,4.02,0.42,26.2,0,26.6,33.6,35.6,0,,cloudy,,,,452,9098,0.0497,,,,,3.02472,0.006691858,
2020/11/7,07:00,B,,,,,0,27.1,34.1,36.1,1,high,cloudy,,,,,8114,0,,,,,0.99972,,
2020/11/7,08:00,A,,6.22,0.37,27.53,0,27.6,34.1,35.6,0,,cloudy,,,,340,9098,0.0374,,,,,1.70544,0.005016,
2020/11/7,08:00,B,,,,,0,27.6,35.6,36.1,1,high,cloudy,,,,,8114,0,,,,,0.33444,,
2020/11/7,09:00,A,,29.68,0.9,29.68,0,29.1,34.6,35.6,0,,sunny,,,,219,9098,0.0241,,,,,1.7424,0.007956164,
2020/11/7,09:00,B,,,,,0,29.6,36.1,36.1,1,high,sunny,,,,,8114,0,,,,,0.4518,,
2020/11/7,10:00,A,,25.93,0.87,29.75,0,30.1,34.6,35.6,0,,sunny,,,,188,9098,0.0207,,,,,1.65131,0.008783559,
2020/11/7,10:00,B,,,,,0,30.1,36.1,36.1,1,high,sunny,battery,,,,8114,0,,,,,0.38029,,
2020/11/7,12:00,A,,37.95,1.13,30.9,0,32.6,36.6,36.6,0,,cloudy,,,,160,9098,0.0176,,,,,1.33805,0.008362841,
2020/11/7,12:00,B,,,,,0,32.1,37.1,36.6,1,high,cloudy,,,,,8114,0,,,,,0.27758,,
2020/11/7,14:00,A,,15.8,0.73,29.6,0,31.6,36.1,36.1,0,,cloudy,,,,192,9098,0.0211,,,,,1.27265,0.006628409,
2020/11/7,14:00,B,,,,,0,31.6,37.6,36.6,1,high,cloudy,,,,,8114,0,,,,,0.2424,,
2020/11/7,16:00,A,,1.75,1.3,27.53,0,28.6,35.1,35.6,0,,overcast,ibutton,,,250,9098,0.0275,,,,,,,
2020/11/7,16:00,B,16:01,1.95,1.25,27.72,0,29.1,37.1,36.1,1,high,overcast,ibutton/battery,,,338,8114,0.0417,,,,,,,
2020/11/9,06:00,A,,0.1,1.27,20.27,0,21.1,26.1,35.1,0,,overcast,,,,,,,,,,,2.42115,,
2020/11/9,06:00,B,,0.1,1.2,20.28,0,21.1,28.6,33.1,1,high,overcast,battery,,,,,,,,,,2.4681,,
2020/11/9,07:00,A,,1.7,1.3,20.3,0,21.1,27.1,35.1,0,,overcast,,,,,,,,,,,2.85228,,
2020/11/9,07:00,B,,1.75,1.32,20.3,0,21.1,30.1,35.1,1,high,overcast,,,,,,,,,,,0.90564,,
2020/11/9,08:00,A,,3.98,1.45,20.3,0,21.6,28.6,35.1,0,,overcast,,,,,,,,,,,1.7808,,
2020/11/9,08:00,B,,3.98,1.37,20.3,0,21.6,30.6,35.1,1,high,overcast,,,,,,,,,,,0.6708,,
2020/11/9,09:00,A,,4.7,0.92,20.03,0,22.1,28.6,35.1,0,,overcast,,,,,,,,,,,2.4669,,
2020/11/9,09:00,B,,4.73,0.92,20.05,0,21.85,30.6,35.1,1,high,overcast,,,,,,,,,,,0.9113,,
2020/11/9,10:00,A,,10.75,1.2,20.33,0,23.1,29.6,35.1,0,,overcast,,,?10??,,,,,,,,2.55622,,
2020/11/9,10:00,B,,10.75,1.2,20.33,0,22.6,31.1,34.85,1,high,overcast,,,?10??,,,,,,,,0.84355,,
2020/11/9,12:00,A,,10.88,1.18,20.75,0,23.6,29.6,35.1,0,,overcast,,,?5??,,,,,,,,2.03847,,
2020/11/9,12:00,B,,10.88,1.18,20.75,0,23.6,31.6,34.6,1,high,overcast,,,?5??,,,,,,,,0.41804,,
2020/11/9,14:00,A,,7.67,1.62,20.6,0,22.6,30.1,35.1,0,,overcast,,,5,,,,,,,,1.27234,,
2020/11/9,14:00,B,,7.67,1.62,20.6,0,22.6,31.85,33.6,1,high,overcast,,,5,,,,,,,,0.31514,,
2020/11/9,16:00,A,,1.1,0.98,20.4,0,21.6,29.1,35.1,0,,overcast,Inspection,,?5??,,,,,,,,,,
2020/11/9,16:00,B,,1.1,1.1,20.42,0,21.6,31.6,33.85,1,high,overcast,Inspection,,?5??,,,,,,,,,,
2020/11/10,06:00,A,,0,1.03,19,0,19.6,26.6,35.1,1,high,rainy,battery,,,,,,,,,,1.1934,,
2020/11/10,06:00,B,,0,0.97,19.03,0,20.1,23.6,32.1,0,,rainy,,,,,,,,,,,2.3478,,
2020/11/10,07:00,A,,0.47,0.93,19.22,0,20.6,28.1,35.6,1,high,rainy,,,,,,,,,,,0.60084,,
2020/11/10,07:00,B,,0.5,1.05,19.23,0,20.6,25.1,33.1,0,,rainy,,,,,,,,,,,0.7614,,
2020/11/10,08:00,A,,2.53,1.08,19,0,20.6,29.6,35.6,1,high,rainy,,,,,,,,,,,0.69528,,
2020/11/10,08:00,B,,2.53,1.08,19,0,20.85,25.6,33.1,0,,rainy,,,,,,,,,,,0.55212,,
2020/11/10,09:00,A,,5.52,1.05,19.4,0,21.1,30.1,35.6,1,high,rainy,,,,,,,,,,,0.9228,,
2020/11/10,09:00,B,,5.52,1.13,19.4,0,21.1,26.6,33.1,0,,rainy,,,,,,,,,,,0.59496,,
2020/11/10,10:00,A,,8.27,0.88,19.97,0,22.1,30.1,36.1,1,high,rainy,,,,,,,,,,,3.36638,,
2020/11/10,10:00,B,,8.27,0.88,19.97,0,22.1,27.6,33.6,0,,rainy,,,,,,,,,,,1.09473,,
2020/11/10,12:00,A,,19.45,1.68,20.95,0,24.1,31.6,36.1,1,high,overcast,,,,,,,,,,,2.91256,,
2020/11/10,12:00,B,,19.45,1.68,20.95,0,23.6,29.1,34.6,0,,overcast,,,,,,,,,,,0.89422,,
2020/11/10,14:00,A,,9.65,1.3,20.58,0,23.1,31.1,35.6,1,high,overcast,,,,,,,,,,,1.57156,,
2020/11/10,14:00,B,,9.65,1.3,20.58,0,22.1,29.1,33.6,0,,overcast,,,,,,,,,,,0.37184,,
2020/11/10,16:00,A,,1.52,1.12,20.12,0,21.6,31.1,35.6,1,high,overcast,battery,,,,,,,,,,,,
2020/11/10,16:00,B,,1.52,1.12,20.12,0,21.1,28.6,33.6,0,,overcast,battery,,,,,,,,,,,,
2020/11/11,06:00,A,,0.1,1.03,20.9,0,21.6,25.6,35.1,0,,cloudy,,,,693,9174,0.0755,552,95,,,2.91,0.004199134,
2020/11/11,06:00,B,,0.1,1.03,20.9,0,21.1,25.6,33.6,1,high,cloudy,battery,,,577,8428,0.0685,642,76,,,2.9928,0.005186828,
2020/11/11,07:00,A,,1.85,1.18,20.9,0,21.6,26.6,35.1,0,,cloudy,,,,457,9174,0.0498,534,129,,,2.55768,0.005596674,
2020/11/11,07:00,B,,1.8,1.23,20.9,0,21.6,28.6,34.1,1,high,cloudy,,,,339,8428,0.0402,373,61,,,0.7926,0.002338053,
2020/11/11,08:00,A,,17.23,1.55,22.47,0,22.6,26.1,35.1,0,,sunny,,,,382,9174,0.0416,398,163,,,2.76228,0.007231099,
2020/11/11,08:00,B,,17.23,1.55,22.47,0,22.85,30.6,34.1,1,high,sunny,,,,307,8428,0.0364,294,55,,,0.9762,0.003179805,
2020/11/11,09:00,A,,30.37,1.35,22.93,0,23.85,27.6,35.6,0,,cloudy,,,,177,9174,0.0193,356,145,,,1.49364,0.008438644,
2020/11/11,09:00,B,,30.37,1.35,22.93,0,24.1,31.6,35.1,1,high,cloudy,,,,173,8428,0.0205,244,83,,,1.31268,0.007587746,
2020/11/11,10:00,A,,25.13,1.22,22.97,0,24.1,28.6,35.6,0,,cloudy,,,,192,9174,0.0209,147,62,,,1.92851,0.010044318,
2020/11/11,10:00,B,,29.63,1.27,23.02,0,24.6,31.85,35.1,1,high,cloudy,battery,,,212,8428,0.0252,199,49,,,1.56584,0.007386021,
2020/11/11,12:00,A,,26.3,2,24.4,0,26.1,30.1,35.6,0,,cloudy,,,,214,9174,0.0233,292,103,,,1.56496,0.007312914,
2020/11/11,12:00,B,,26.3,2,24.4,0,25.35,33.1,35.1,1,high,cloudy,,,,135,8428,0.016,149,22,,,0.50296,0.003725657,
2020/11/11,14:00,A,,9.22,1.8,22.98,0,24.85,30.6,35.1,0,,cloudy,,,??,,9174,0,,,,,1.8264,,
2020/11/11,14:00,B,,9.17,1.62,22.95,0,24.6,33.6,35.6,1,high,cloudy,,,,147,8428,0.0174,119,14,,,0.2712,0.001844898,
2020/11/11,16:00,A,,3.43,1.38,22.1,0,23.1,29.1,35.1,0,,cloudy,feeding(pollen)/battery,,,187,9174,0.0204,205,51,,,,,
2020/11/11,16:00,B,,3.45,1.63,22.1,0,23.1,32.1,35.1,1,high,cloudy,feeding(pollen)/battery,,,102,8428,0.0121,112,11,,,,,
2020/11/12,06:00,A,,0,1.05,21.3,0,22.1,30.6,35.6,1,high,overcast,battery,,,594,9034,0.0658,525,61,,,5.68545,0.009571465,
2020/11/12,06:00,B,,0,1,21.3,0,22.1,26.1,33.1,0,,overcast,,,,568,8424,0.0674,550,65,,,3.92355,0.006907658,
2020/11/12,07:00,A,,0.85,0.75,21.4,0,23.1,31.1,36.1,1,high,overcast,,,,502,9034,0.0556,444,125,,,8.2704,0.0164749,
2020/11/12,07:00,B,,0.85,0.75,21.4,0,22.1,26.6,33.6,0,,overcast,,,,421,8424,0.05,424,,,,5.2338,0.012431829,
2020/11/12,08:00,A,,4.97,0.98,22.13,0,23.6,32.1,36.1,1,high,overcast,,,,346,9034,0.0383,454,,,,5.90652,0.017070867,
2020/11/12,08:00,B,,4.97,0.98,22.13,0,23.6,27.6,34.1,0,,overcast,,,,318,8424,0.0377,327,,,,4.8924,0.015384906,
2020/11/12,09:00,A,,7.98,1.15,22.4,0,24.1,32.6,35.6,1,high,overcast,,,?????QQ,234,9034,0.0259,296,,,,3.7548,0.016046154,
2020/11/12,09:00,B,,8.17,1.03,22.4,0,24.1,28.6,34.6,0,,overcast,,,,216,8424,0.0256,220,,,,3.45408,0.015991111,
2020/11/12,10:00,A,,14.18,1.15,21.88,0,23.85,32.6,36.1,1,high,overcast,,,,222,9034,0.0246,72,,,,3.67713,0.016563636,
2020/11/12,10:00,B,,16.22,1.28,21.93,0,23.6,28.6,34.6,0,,overcast,,,,145,8424,0.0172,46,,,,3.28527,0.022657053,
2020/11/12,12:00,A,,4.4,1.25,23.32,0,26.1,33.6,36.1,1,high,overcast,battery,,,369,9034,0.0408,,,,,3.27175,0.008866519,
2020/11/12,12:00,B,,4.4,1.25,23.32,0,25.6,29.6,35.1,0,,overcast,,,,110,8424,0.0131,255,,,,1.35627,0.012329752,
2020/11/12,14:00,A,,21.05,1.3,24,0,26.85,33.6,36.1,1,high,cloudy,,,,477,9034,0.0528,,,,,3.37904,0.007083934,
2020/11/12,14:00,B,,18.67,1.25,24.03,0,26.1,31.1,34.1,0,,cloudy,,,,347,8424,0.0412,,,,,1.16967,0.003370815,
2020/11/12,16:00,A,,1.27,0.9,22.68,0,24.6,33.1,36.1,1,high,overcast,battery,,,339,9034,0.0375,338,,,,,,
2020/11/12,16:00,B,,1.27,0.9,22.68,0,24.1,30.6,34.6,0,,overcast,battery,,,108,8424,0.0128,143,,,,,,
2020/11/13,06:00,A,,0,0.75,20.6,0,21.6,26.6,35.1,0,,rainy,,,,,,,,,,,1.57869,,
2020/11/13,06:00,B,,0,0.73,20.6,0,21.6,28.6,34.35,1,high,rainy,,,,,,,,,,,0.71897,,
2020/11/13,07:00,A,,0.7,0.77,20.6,0,22.1,27.1,35.1,0,,rainy,,,,,,,,,,,0.97272,,
2020/11/13,07:00,B,,0.72,0.95,20.6,0,21.6,29.6,35.1,1,high,rainy,,,,,,,,,,,0.39096,,
2020/11/13,08:00,A,,2.77,1.28,20.9,0,22.6,27.6,35.1,0,,rainy,,,,,,,,,,,,,
2020/11/13,08:00,B,,2.82,1.42,20.9,0,22.6,31.1,35.1,1,high,rainy,,,,,,,,,,,,,
2020/11/14,06:00,A,,0,0.8,20.3,0,21.35,26.6,34.6,0,,rainy,,,,,,,,,,,0.5436,,
2020/11/14,06:00,B,,0,0.8,20.3,0,21.6,29.1,34.1,1,high,rainy,,,,,,,,,,,0.42686,,
2020/11/14,07:00,A,,1.05,0.73,20.38,0.5,21.6,26.1,35.1,0,,rainy,,,,,,,,,,,0.47268,,
2020/11/14,07:00,B,,1.35,0.85,20.4,0,22.1,29.1,35.1,1,high,rainy,,,,,,,,,,,0.36408,,
2020/11/14,08:00,A,,5.23,1.47,20.83,0,22.1,27.1,35.1,0,,rainy,,,,,,,,,,,1.39968,,
2020/11/14,08:00,B,,5.52,1.53,20.67,0,22.6,29.6,35.1,1,high,rainy,,,,,,,,,,,1.28724,,
2020/11/14,09:00,A,,11.2,1.05,21.83,0,23.1,27.1,35.1,0,,overcast,,,,,,,,,,,2.82996,,
2020/11/14,09:00,B,,11.35,1.1,21.87,0,23.6,30.85,34.6,1,high,overcast,,,,,,,,,,,1.94352,,
2020/11/14,10:00,A,,13,1.47,22.43,0,24.1,28.6,35.1,0,,overcast,,,,,,,,,,,4.69664,,
2020/11/14,10:00,B,,13,1.47,22.43,0,24.1,31.1,35.6,1,high,overcast,battery,,,,,,,,,,1.97602,,
2020/11/14,12:00,A,,5.8,1.25,22.22,0,23.6,29.1,35.1,0,,,,,,,,,,,,,3.41253,,
2020/11/14,12:00,B,,5.8,1.25,22.22,0,24.1,31.6,35.1,1,high,,,,,,,,,,,,1.41044,,
2020/11/14,14:00,A,,10.97,1.1,22.12,0,23.6,28.6,35.6,0,,,,,,,,,,,,,1.86982,,
2020/11/14,14:00,B,,11.72,1.12,22.13,0,24.1,31.6,35.1,1,high,,,,,,,,,,,,0.5994,,
2020/11/14,16:00,A,,1.17,0.97,21.5,0,22.6,28.1,35.1,0,,,ibutton,,,,,,,,,,,,
2020/11/14,16:00,B,,1.17,0.97,21.5,0,23.1,31.6,34.6,1,high,,ibutton/battery,,,,,,,,,,,,
2020/11/18,06:00,A,,0.12,0.22,20.85,0,21.1,30.1,35.1,1,high,sunny,battery,,,356,8189,0.0435,377,,,,6.59177,0.018516212,
2020/11/18,06:00,B,,0.12,0.22,20.85,0,21.6,25.6,33.1,0,,sunny,,,,345,8403,0.0411,388,,,,6.72771,0.019500621,
2020/11/18,07:00,A,,1.85,0.1,20.9,0,23.1,30.6,35.6,1,high,sunny,,,,246,8189,0.03,209,,,,6.91668,0.028116585,
2020/11/18,07:00,B,,1.88,0.1,20.92,0,22.1,26.6,34.1,0,,sunny,,,,140,8403,0.0167,149,,,,3.7596,0.026854286,
2020/11/18,08:00,A,,15.9,0.22,26.38,0,24.1,32.1,36.1,1,high,sunny,,,,415,8189,0.0507,243,,,,6.82908,0.016455614,
2020/11/18,08:00,B,,15.9,0.22,26.38,0,23.6,28.1,34.1,0,,sunny,,,,310,8403,0.0369,197,,,,4.10532,0.013242968,
2020/11/18,09:00,A,,25.73,0.48,27.73,0,26.6,34.1,36.6,1,high,sunny,,,,289,8189,0.0353,243,,,,6.5784,0.02276263,
2020/11/18,09:00,B,,25.9,0.52,27.82,0,26.1,28.6,35.1,0,,sunny,,,?????QQ,136,8403,0.0162,144,,,,2.90196,0.021337941,
2020/11/18,10:00,A,,33.8,0.87,29.42,0,28.1,35.1,36.6,1,high,sunny,,,?5???00:08~,281,8189,0.0343,,,,,5.26783,0.018746721,
2020/11/18,10:00,B,,33.93,0.92,29.42,0,28.1,30.1,35.1,0,,sunny,,,?5??,128,8403,0.0152,130,,,,2.98211,0.023297768,
2020/11/18,12:00,A,,18.45,0.63,30.55,0,31.1,37.6,37.6,1,high,sunny,,,00:30,334,8189,0.0408,,,,,4.53458,0.013576592,
2020/11/18,12:00,B,,18.45,0.63,30.55,0,30.1,32.6,35.6,0,,sunny,,,00:50~,278,8403,0.0331,305,,,,3.41727,0.012292348,
2020/11/18,14:00,A,,25.15,0.63,31.25,0,32.1,37.6,37.6,1,high,sunny,,,,183,8189,0.0223,,,,,4.10809,0.022448584,
2020/11/18,14:00,B,,25.07,0.8,31.28,0,31.6,34.6,35.6,0,,sunny,,,,416,8403,0.0495,,,,,2.15744,0.005186145,
2020/11/18,16:00,A,,3.32,0.63,28.73,0,30.1,37.1,36.6,1,high,sunny,Inspection/battery,,00:14,108,8189,0.0132,,,,,,,
2020/11/18,16:00,B,,3.32,0.63,28.73,0,29.6,34.6,35.1,0,,sunny,Inspection/battery,,00:10,131,8403,0.0156,180,,,,,,
2020/11/19,06:00,A,,0.08,0.25,20.6,0,22.1,26.1,35.1,0,,sunny,,,,399,8189,0.0487,400,,,,4.65051,0.011655424,
2020/11/19,06:00,B,,0.12,0.25,20.62,0,21.6,31.6,35.6,1,high,sunny,battery,,,380,8403,0.0452,417,,,,5.90126,0.015529624,
2020/11/19,07:00,A,,1.52,0.52,21.3,0,22.6,26.6,35.6,0,,sunny,,,,334,8189,0.0408,238,,,,5.26056,0.01575018,
2020/11/19,07:00,B,,1.53,0.47,21.35,0,22.1,32.6,35.6,1,high,sunny,,,,194,8403,0.0231,154,,,,5.02692,0.025911959,
2020/11/19,08:00,A,,15.98,0.4,24.85,0,24.1,27.6,35.6,0,,sunny,,,,417,8189,0.0509,292,,,,7.34676,0.017618129,
2020/11/19,08:00,B,,15.98,0.4,24.85,0,23.6,32.6,35.6,1,high,sunny,,,,254,8403,0.0302,224,,,,6.31884,0.024877323,
2020/11/19,09:00,A,,25.97,0.42,27.42,0,25.85,29.1,35.85,0,,sunny,,,,181,8189,0.0221,202,,,,5.37852,0.02971558,
2020/11/19,09:00,B,,25.97,0.42,27.42,0,26.1,34.1,36.1,1,high,sunny,,,,211,8403,0.0251,195,,,,3.97212,0.018825213,
2020/11/19,10:00,A,,33.23,0.68,29.1,0,27.6,31.6,36.1,0,,sunny,,,,281,8189,0.0343,219,,,,4.55018,0.016192818,
2020/11/19,10:00,B,,33.23,0.68,29.1,0,27.6,35.35,36.1,1,high,sunny,,,,224,8403,0.0267,175,,,,3.07276,0.013717695,
2020/11/19,12:00,A,,35.97,1.02,31.45,0,32.1,35.6,37.1,0,,sunny,,,,295,8189,0.036,291,,,,5.60716,0.019007334,
2020/11/19,12:00,B,,35.97,1.02,31.45,0,31.1,36.6,37.1,1,high,sunny,,,00:30~,252,8403,0.03,308,,,,3.75365,0.014895455,
2020/11/19,14:00,A,,26.57,0.87,29.97,0,31.1,36.1,37.1,0,,sunny,,,?5??,322,8189,0.0393,,,,,5.14349,0.015973558,
2020/11/19,14:00,B,,26.57,0.87,29.97,0,31.1,37.6,37.1,1,high,sunny,,,?5??,158,8403,0.0188,,,,,2.74806,0.017392767,
2020/11/19,16:00,A,,3.38,0.88,28.43,0,29.6,35.6,36.6,0,,sunny,ibutton,,,200,8189,0.0244,229,80,,,,,
2020/11/19,16:00,B,,3.38,0.87,28.4,0,29.1,37.1,36.6,1,high,sunny,ibutton,,,160,8403,0.019,216,62,,,,,
